{
  "src_folders" : ["tests"],
  "output_folder" : "reports",
  "custom_commands_path" : "",
  "custom_assertions_path" : "",
  "page_objects_path" : "",
  "globals_path" : "./Repo/Navigation.js",
  "test_workers": {
    "enabled": true,
    "workers": "auto"
   },
   
  "selenium" : {
    "start_process" : true,
    "server_path" : "C:/Selenium/selenium-server-standalone-2.53.1.jar",
    "log_path" : "",
    "host" : "127.0.0.1",
    "port" : 4444,
    "cli_args" : {
      "webdriver.chrome.driver" : "C:/Selenium/chromedriver.exe",
      "webdriver.ie.driver" : "C:/Selenium/IEDriverServer.exe"
    }
  },

  "test_settings" : {
    "default" : {
      "launch_url" : "http://localhost",
      "selenium_port"  : 4444,
      "selenium_host"  : "localhost",
      "silent": true,
      "screenshots" : {
        "enabled" : false,
        "path" : ""
      },
      "detailed_output":false,
      "desiredCapabilities": {
        "browserName": "firefox",
        "javascriptEnabled": true,
        "acceptSslCerts": true
      }
    },

    "chrome" : {
      "desiredCapabilities": {
        "browserName": "chrome",
        "javascriptEnabled": true,
        "acceptSslCerts": true
      }
    }
  }
}